{"nm":"HandGestures","ddd":0,"h":1080,"w":1080,"meta":{"g":"LottieFiles AE "},"layers":[{"ty":4,"nm":"Arrow","sr":1,"st":0,"op":30,"ip":0,"hd":false,"ddd":0,"bm":0,"hasMask":false,"ao":0,"ks":{"a":{"a":0,"k":[-182,-326.059,0],"ix":1},"s":{"a":0,"k":[100,100,100],"ix":6},"sk":{"a":0,"k":0},"p":{"a":0,"k":[358,213.941,0],"ix":2},"r":{"a":0,"k":0,"ix":10},"sa":{"a":0,"k":0},"o":{"a":0,"k":100,"ix":11}},"ef":[],"shapes":[{"ty":"gr","bm":0,"hd":false,"mn":"ADBE Vector Group","nm":"Shape 1","ix":1,"cix":2,"np":3,"it":[{"ty":"sh","bm":0,"hd":false,"mn":"ADBE Vector Shape - Group","nm":"Path 1","ix":1,"d":1,"ks":{"a":0,"k":{"c":false,"i":[[0,0],[-244,-56]],"o":[[0,0],[257.024,58.989]],"v":[[-182,-309],[212,-321]]},"ix":2}},{"ty":"st","bm":0,"hd":false,"mn":"ADBE Vector Graphic - Stroke","nm":"Stroke 1","lc":2,"lj":1,"ml":4,"o":{"a":0,"k":100,"ix":4},"w":{"a":0,"k":29,"ix":5},"c":{"a":0,"k":[1,1,1],"ix":3}},{"ty":"tr","a":{"a":0,"k":[0,0],"ix":1},"s":{"a":0,"k":[100,100],"ix":3},"sk":{"a":0,"k":0,"ix":4},"p":{"a":0,"k":[0,0],"ix":2},"r":{"a":0,"k":0,"ix":6},"sa":{"a":0,"k":0,"ix":5},"o":{"a":0,"k":100,"ix":7}}]},{"ty":"tm","bm":0,"hd":false,"mn":"ADBE Vector Filter - Trim","nm":"Trim Paths 1","ix":2,"e":{"a":1,"k":[{"o":{"x":0.333,"y":0},"i":{"x":0.667,"y":1},"s":[0],"t":4},{"s":[100],"t":10}],"ix":2},"o":{"a":0,"k":0,"ix":3},"s":{"a":1,"k":[{"o":{"x":0.333,"y":0},"i":{"x":0.667,"y":1},"s":[0],"t":10},{"s":[100],"t":16}],"ix":1},"m":1}],"ind":1},{"ty":4,"nm":"Arrow","sr":1,"st":0,"op":30,"ip":0,"hd":false,"ddd":0,"bm":0,"hasMask":false,"ao":0,"ks":{"a":{"a":0,"k":[211.877,25.189,0],"ix":1},"s":{"a":1,"k":[{"o":{"x":0.333,"y":0},"i":{"x":0.667,"y":1},"s":[0,0,100],"t":7},{"o":{"x":0.167,"y":0},"i":{"x":0.667,"y":1},"s":[200,200,100],"t":12},{"o":{"x":0.333,"y":0},"i":{"x":0.667,"y":1},"s":[200,200,100],"t":16},{"s":[0,0,100],"t":18}],"ix":6},"sk":{"a":0,"k":0},"p":{"a":0,"k":[726.656,214.224,0],"ix":2},"r":{"a":0,"k":0,"ix":10},"sa":{"a":0,"k":0},"o":{"a":0,"k":100,"ix":11}},"ef":[],"shapes":[{"ty":"gr","bm":0,"hd":false,"mn":"ADBE Vector Group","nm":"Group 1","ix":1,"cix":2,"np":2,"it":[{"ty":"sh","bm":0,"hd":false,"mn":"ADBE Vector Shape - Group","nm":"Path 1","ix":1,"d":1,"ks":{"a":0,"k":{"c":true,"i":[[1.495,2.563],[6.014,8.485],[2.342,-0.248],[0.461,-1.993],[1.138,-4.939],[1.254,-6.605],[0.885,-3.84],[-1.7,-1.209],[-1.794,1.041],[-9.081,4.188]],"o":[[-5.106,-8.727],[-1.29,-1.82],[-2.346,0.249],[-1.136,4.938],[-1.524,6.812],[-0.884,3.841],[-0.458,1.999],[1.698,1.209],[8.366,-4.854],[2.66,-1.223]],"v":[[110.146,3.457],[93.464,-22.382],[88.4,-24.754],[84.742,-20.801],[81.333,-5.986],[78.305,7.181],[75.654,18.702],[76.871,23.793],[81.779,23.866],[107.961,10.283]]},"ix":2}},{"ty":"fl","bm":0,"hd":false,"mn":"ADBE Vector Graphic - Fill","nm":"Fill 1","c":{"a":0,"k":[1,1,1],"ix":4},"r":1,"o":{"a":0,"k":100,"ix":5}},{"ty":"tr","a":{"a":0,"k":[0,0],"ix":1},"s":{"a":0,"k":[100,100],"ix":3},"sk":{"a":0,"k":0,"ix":4},"p":{"a":0,"k":[136.49,25.251],"ix":2},"r":{"a":0,"k":0,"ix":6},"sa":{"a":0,"k":0,"ix":5},"o":{"a":0,"k":100,"ix":7}}]}],"ind":2},{"ty":4,"nm":"Swipe Right","sr":1,"st":0,"op":30,"ip":0,"hd":false,"ddd":0,"bm":0,"hasMask":false,"ao":0,"ks":{"a":{"a":0,"k":[111.491,337.093,0],"ix":1},"s":{"a":0,"k":[200,200,100],"ix":6},"sk":{"a":0,"k":0},"p":{"a":0,"k":[525.884,838.031,0],"ix":2},"r":{"a":1,"k":[{"o":{"x":0.333,"y":0},"i":{"x":0.667,"y":1},"s":[-19],"t":0},{"o":{"x":0.333,"y":0},"i":{"x":0.667,"y":1},"s":[0],"t":10},{"o":{"x":0.333,"y":0},"i":{"x":0.667,"y":1},"s":[0],"t":20},{"s":[-19],"t":30}],"ix":10},"sa":{"a":0,"k":0},"o":{"a":0,"k":100,"ix":11}},"ef":[],"shapes":[{"ty":"gr","bm":0,"hd":false,"mn":"ADBE Vector Group","nm":"Group 2","ix":1,"cix":2,"np":4,"it":[{"ty":"sh","bm":0,"hd":false,"mn":"ADBE Vector Shape - Group","nm":"Path 1","ix":1,"d":1,"ks":{"a":0,"k":{"c":true,"i":[[1.147,-3.15],[12.786,-12.105],[18.731,0.002],[9.51,3.46],[13.803,29.809],[0,0],[0.208,0.496],[-1.616,4.408],[-4.265,1.989],[-2.567,0],[-2.854,-6.119],[0,0],[-2.154,0.097],[-0.706,1.951],[0,0],[-7.217,-2.627],[-1.015,-3.173],[1.56,-4.283],[0,0],[-2.629,-0.958],[-0.957,2.629],[0,0],[-3.269,0],[-2.098,-0.766],[-1.526,-3.271],[1.234,-3.393],[0,0],[-2.629,-0.958],[-0.96,2.629],[0,0],[-5.664,0],[-1.487,-0.54],[2.547,-7],[0,0],[-2.629,-0.957],[-0.959,2.631],[0,0],[-0.992,0],[-1.346,-0.491],[-1.478,-2.674]],"o":[[-7.763,21.32],[-11.438,10.831],[-7.878,0],[-34.76,-12.652],[0,0],[-14.901,-31.957],[-1.983,-4.251],[1.616,-4.411],[2.375,-1.107],[6.802,0],[0,0],[0.831,1.898],[2.075,-0.069],[0,0],[3.054,-8.392],[3.491,1.27],[1.036,3.23],[0,0],[-0.96,2.631],[2.613,0.952],[0,0],[3.18,-8.733],[2.27,0],[3.392,1.233],[1.524,3.271],[0,0],[-0.957,2.629],[2.616,0.952],[0,0],[1.933,-5.319],[1.57,0],[7.004,2.554],[0,0],[-0.958,2.629],[2.616,0.954],[0,0],[0.581,-0.066],[2.429,0],[2.679,0.975],[0.847,1.528]],"v":[[99.853,22.006],[56.367,113.411],[14.38,133.967],[-11.823,128.749],[-71.284,62.744],[-73.731,57.471],[-98.584,0.764],[-99.152,-12.666],[-90.031,-22.588],[-82.588,-24.257],[-66.899,-14.268],[-50.56,23.106],[-45.754,26.139],[-41.152,22.797],[11.656,-123.326],[28.799,-133.262],[35.59,-126.564],[34.78,-114.914],[2.432,-26.031],[5.46,-19.536],[11.952,-22.563],[16.573,-35.261],[30.969,-44.937],[37.646,-43.768],[45.27,-36.783],[45.721,-26.451],[39.369,-8.99],[42.396,-2.497],[48.888,-5.525],[51.781,-13.466],[64.482,-22.359],[69.093,-21.544],[77.172,-4.219],[69.666,16.414],[72.693,22.907],[79.184,19.878],[83.596,7.766],[85.956,7.646],[92.265,8.464],[98.906,14.292]]},"ix":2}},{"ty":"sh","bm":0,"hd":false,"mn":"ADBE Vector Shape - Group","nm":"Path 2","ix":2,"d":1,"ks":{"a":0,"k":{"c":true,"i":[[4.984,1.813],[2.154,0.074],[11.684,4.258],[4.982,-1.75],[1.47,3.157],[5.931,2.159],[5.413,-1.505],[0,0],[1.742,5.436],[6.495,2.363],[2.62,0],[3.923,-10.762],[0,0],[0,0],[10.622,0],[3.722,-1.738],[2.543,-6.946],[-3.018,-6.456],[-15.026,-32.228],[0,0],[-38.721,-14.096],[-9.058,0],[0,0],[-12.462,11.805],[-1.172,3.221],[2.86,5.168]],"o":[[-2.86,-1.044],[3.305,-11.779],[-5.163,-1.876],[-0.01,-3.383],[-2.673,-5.724],[-5.671,-2.063],[0,0],[2.359,-6.475],[-1.995,-6.225],[-2.619,-0.955],[-9.801,0],[0,0],[0,0],[-4.516,-9.691],[-4.059,0],[-6.709,3.127],[-2.55,6.959],[0.099,0.244],[0,0],[14.202,30.679],[10.622,3.866],[0,0],[22.443,0],[17.128,-16.214],[1.843,-5.056],[-2.669,-4.824]],"v":[[95.732,-1.057],[87.247,-2.465],[72.562,-31.064],[56.68,-31.161],[54.455,-41.068],[41.114,-53.292],[23.421,-54.075],[44.299,-111.447],[45.244,-129.656],[32.265,-142.784],[24.369,-144.223],[2.127,-126.783],[-46.367,7.405],[-57.666,-18.438],[-82.588,-34.388],[-94.313,-31.77],[-108.666,-16.149],[-107.881,4.799],[-82.915,61.768],[-80.478,67.033],[-15.287,138.334],[14.377,144.222],[14.382,144.222],[63.333,120.83],[109.374,25.474],[107.773,9.386]]},"ix":2}},{"ty":"mm","bm":0,"hd":false,"mn":"ADBE Vector Filter - Merge","nm":"Merge Paths 1","mm":1},{"ty":"fl","bm":0,"hd":false,"mn":"ADBE Vector Graphic - Fill","nm":"Fill 1","c":{"a":0,"k":[1,1,1],"ix":4},"r":1,"o":{"a":0,"k":100,"ix":5}},{"ty":"tr","a":{"a":0,"k":[0,0],"ix":1},"s":{"a":0,"k":[100,100],"ix":3},"sk":{"a":0,"k":0,"ix":4},"p":{"a":0,"k":[111.466,192.87],"ix":2},"r":{"a":0,"k":0,"ix":6},"sa":{"a":0,"k":0,"ix":5},"o":{"a":0,"k":100,"ix":7}}]}],"ind":3}],"v":"5.5.7","fr":25,"op":30,"ip":0,"assets":[]}